                  epoch,         train/box_loss,         train/cls_loss,         train/dfl_loss,   metrics/precision(B),      metrics/recall(B),       metrics/mAP50(B),    metrics/mAP50-95(B),           val/box_loss,           val/cls_loss,           val/dfl_loss,                 lr/pg0,                 lr/pg1,                 lr/pg2
                      1,                 3.2018,                 4.2284,                 4.1763,                0.00185,                0.48454,                0.00841,                0.00309,                 3.2615,                 5.1089,                 4.1522,                0.00032,                0.00032,                0.00032
                      2,                 3.1876,                 4.2966,                 4.1612,                0.00187,                0.49141,                0.00909,                0.00268,                 3.2508,                 5.0562,                 4.1272,             0.00052932,             0.00052932,             0.00052932
                      3,                 3.2304,                 4.1188,                 4.0861,                0.00193,                0.50859,                 0.0164,                0.00351,                  3.216,                 4.9667,                 4.0613,               0.000604,               0.000604,               0.000604
                      4,                 3.1636,                 3.9935,                 3.9875,                0.00191,                0.50172,                0.01001,                0.00228,                 3.1984,                 4.7188,                 4.0386,             0.00054404,             0.00054404,             0.00054404
                      5,                 3.1827,                 3.9118,                 3.8975,                0.00188,                0.49485,                0.00565,                0.00179,                 3.1804,                 4.7151,                 3.9956,             0.00034944,             0.00034944,             0.00034944
